Allele,A9,DC3000,ES4326,X1448A,NP29
AvrB2a,0,0,0,2,0
HopW1d,0,0,0,2,0
HopAA1a,0,0,0,2,0
HopW1a,1,0,0,1,1
HopQ1a,0,1,1,1,0
AvrE1a,1,0,0,1,0
HopB2e,1,0,0,1,0
HopB2g,1,0,0,1,0
HopAS1a,1,0,0,1,0
HopAU1a,1,0,0,1,0
AvrB2c,0,0,0,1,0
HopD1d,0,0,0,1,0
HopF3a,0,0,0,1,0
HopG1a,0,0,0,1,0
HopI1a,0,0,0,1,0
HopK1a,0,0,0,1,0
HopM1j,0,0,0,1,0
HopR1a,0,0,0,1,0
HopV1b,0,0,0,1,0
HopX1a,0,0,0,1,0
HopAB1a,0,0,0,1,0
HopAB1b,0,0,0,1,0
HopAB1c,0,0,0,1,0
HopAF1a,0,0,0,1,0
HopAH1g,0,0,0,1,0
HopAT1b,0,0,0,1,0
HopAT1c,0,0,0,1,0
HopAT1f,0,0,0,1,0
HopAW1a,0,0,0,1,0
HopB2a,1,0,0,0,1
HopB2ba,1,0,0,0,1
AvrE1k,0,0,0,0,1
AvrE1r,0,0,0,0,1
HopB2c,0,0,0,0,1
HopB2j,0,0,0,0,1
HopB2m,0,0,0,0,1
HopW1aj,0,0,0,0,1
HopW1l,0,0,0,0,1
HopAG1a,0,0,0,0,1
HopAL1a,0,0,0,0,1
HopB2f,0,2,0,0,0
HopAG1g,0,2,0,0,0
HopAM1a,0,2,0,0,0
HopAS1b,0,2,0,0,0
HopAT1a,0,2,0,0,0
HopBM1a,0,2,0,0,0
HopD1a,0,1,1,0,0
HopD1e,0,1,1,0,0
HopO1b,0,1,1,0,0
HopT1a,0,1,1,0,0
HopV1d,0,1,1,0,0
HopAA1b,0,1,1,0,0
HopAD1a,0,1,1,0,0
HopAQ1a,0,1,1,0,0
HopA1c,1,1,0,0,0
HopB1a,1,1,0,0,0
HopI1i,1,1,0,0,0
HopL1a,1,1,0,0,0
HopR1b,1,1,0,0,0
HopS2a,1,1,0,0,0
HopT1b,1,1,0,0,0
HopAA1e,1,1,0,0,0
HopAB1j,1,1,0,0,0
HopAF1e,1,1,0,0,0
HopAH1c,1,1,0,0,0
AvrE1f,0,1,0,0,0
AvrPto1d,0,1,0,0,0
HopC1a,0,2,0,0,0
HopD1b,0,1,0,0,0
HopE1a,0,1,0,0,0
HopF1g,0,1,0,0,0
HopG1c,0,1,0,0,0
HopH1a,0,1,0,0,0
HopK1d,0,1,0,0,0
HopM1h,0,1,0,0,0
HopN1a,0,1,0,0,0
HopO1a,0,1,0,0,0
HopO1c,0,1,0,0,0
HopO1d,0,1,0,0,0
HopO2f,0,1,0,0,0
HopU1a,0,1,0,0,0
HopX1c,0,1,0,0,0
HopY1c,0,1,0,0,0
HopAH1a,0,1,0,0,0
HopAH1i,0,1,0,0,0
HopAI1d,0,1,0,0,0
HopR1g,1,0,2,0,0
HopAS1e,1,0,1,0,0
AvrE1i,0,0,1,0,0
HopB2k,0,0,1,0,0
HopD2b,0,0,1,0,0
HopI1g,0,0,1,0,0
HopM1v,0,0,1,0,0
HopW1g,0,0,1,0,0
HopX1g,0,0,1,0,0
HopZ1b,0,0,1,0,0
HopZ1c,0,0,1,0,0
HopAA1k,0,0,1,0,0
HopAB1p,0,0,1,0,0
HopAB1w,0,0,1,0,0
HopAF1h,0,0,1,0,0
HopAH1m,0,0,1,0,0
HopAH1s,0,0,1,0,0
HopAL1b,0,0,1,0,0
HopAZ1d,0,0,1,0,0
HopBD1a,0,0,1,0,0
HopBD1g,0,0,1,0,0
HopBG1a,0,0,1,0,0
HopBM1b,0,0,1,0,0
HopBO1d,0,0,1,0,0
AvrE1b,1,0,0,0,0
AvrE1d,1,0,0,0,0
AvrE1s,1,0,0,0,0
HopB1g,1,0,0,0,0
HopB2au,1,0,0,0,0
HopB2b,1,0,0,0,0
HopB2y,1,0,0,0,0
HopF1u,1,0,0,0,0
HopF1y,1,0,0,0,0
HopI1e,1,0,0,0,0
HopK1f,1,0,0,0,0
HopL1e,1,0,0,0,0
HopL1f,1,0,0,0,0
HopO1f,1,0,0,0,0
HopO1g,1,0,0,0,0
HopO2g,1,0,0,0,0
HopR1d,1,0,0,0,0
HopT1c,1,0,0,0,0
HopT1e,1,0,0,0,0
HopW1b,1,0,0,0,0
HopW1c,1,0,0,0,0
HopW1e,1,0,0,0,0
HopW1i,1,0,0,0,0
HopY1b,1,0,0,0,0
HopAF1c,1,0,0,0,0
HopAG1d,1,0,0,0,0
HopAH1ad,1,0,0,0,0
HopAH1ao,1,0,0,0,0
HopAH1d,1,0,0,0,0
HopAH1o,1,0,0,0,0
HopAH1r,1,0,0,0,0
HopAL1d,1,0,0,0,0
HopAS1c,1,0,0,0,0
HopAS1l,1,0,0,0,0
HopAS1m,1,0,0,0,0
HopAZ1s,1,0,0,0,0
HopAZ1u,1,0,0,0,0
HopBD1j,1,0,0,0,0
HopBD1n,1,0,0,0,0
HopBV1a,1,0,0,0,0
HopBX1a,1,0,0,0,0
AvrA1a,0,0,0,0,0
AvrB1a,0,0,0,0,0
AvrB1b,0,0,0,0,0
AvrB2b,0,0,0,0,0
AvrB2d,0,0,0,0,0
AvrB2e,0,0,0,0,0
AvrB2f,0,0,0,0,0
AvrB2g,0,0,0,0,0
AvrB2h,0,0,0,0,0
AvrB2i,0,0,0,0,0
AvrB2j,0,0,0,0,0
AvrB2k,0,0,0,0,0
AvrE1aa,0,0,0,0,0
AvrE1ab,0,0,0,0,0
AvrE1ac,0,0,0,0,0
AvrE1ad,0,0,0,0,0
AvrE1ae,0,0,0,0,0
AvrE1ag,0,0,0,0,0
AvrE1ah,0,0,0,0,0
AvrE1ai,0,0,0,0,0
AvrE1aj,0,0,0,0,0
AvrE1ak,0,0,0,0,0
AvrE1al,0,0,0,0,0
AvrE1am,0,0,0,0,0
AvrE1an,0,0,0,0,0
AvrE1ao,0,0,0,0,0
AvrE1ap,0,0,0,0,0
AvrE1aq,0,0,0,0,0
AvrE1ar,0,0,0,0,0
AvrE1as,0,0,0,0,0
AvrE1at,0,0,0,0,0
AvrE1au,0,0,0,0,0
AvrE1c,0,0,0,0,0
AvrE1e,0,0,0,0,0
AvrE1g,0,0,0,0,0
AvrE1h,0,0,0,0,0
AvrE1j,0,0,0,0,0
AvrE1l,0,0,0,0,0
AvrE1m,0,0,0,0,0
AvrE1n,0,0,0,0,0
AvrE1o,0,0,0,0,0
AvrE1p,0,0,0,0,0
AvrE1q,0,0,0,0,0
AvrE1t,0,0,0,0,0
AvrE1u,0,0,0,0,0
AvrE1v,0,0,0,0,0
AvrE1w,0,0,0,0,0
AvrE1x,0,0,0,0,0
AvrE1y,0,0,0,0,0
AvrE1z,0,0,0,0,0
AvrPto1a,0,0,0,0,0
AvrPto1b,0,0,0,0,0
AvrPto1c,0,0,0,0,0
AvrPto1e,0,0,0,0,0
AvrPto1f,0,0,0,0,0
AvrPto1g,0,0,0,0,0
AvrPto1h,0,0,0,0,0
AvrPto1i,0,0,0,0,0
AvrPto1j,0,0,0,0,0
AvrPto1k,0,0,0,0,0
AvrPto1l,0,0,0,0,0
AvrPto1m,0,0,0,0,0
AvrPto1n,0,0,0,0,0
AvrPto1o,0,0,0,0,0
AvrPto1p,0,0,0,0,0
AvrPto1q,0,0,0,0,0
AvrRpm1a,0,0,0,0,0
AvrRpm1b,0,0,0,0,0
AvrRpm1c,0,0,0,0,0
AvrRpm1d,0,0,0,0,0
AvrRpm1e,0,0,0,0,0
AvrRpm1f,0,0,0,0,0
AvrRpm1g,0,0,0,0,0
AvrRpm1h,0,0,0,0,0
AvrRpm1i,0,0,0,0,0
AvrRpm1j,0,0,0,0,0
AvrRpm1k,0,0,0,0,0
AvrRpm1l,0,0,0,0,0
AvrRpm1m,0,0,0,0,0
AvrRpt2a,0,0,0,0,0
AvrRpt2b,0,0,0,0,0
AvrRpt2c,0,0,0,0,0
AvrRpt2d,0,0,0,0,0
AvrRpt2e,0,0,0,0,0
HopA1a,0,0,0,0,0
HopA1b,0,0,0,0,0
HopA1d,0,0,0,0,0
HopA1e,0,0,0,0,0
HopA1f,0,0,0,0,0
HopA1g,0,0,0,0,0
HopA1h,0,0,0,0,0
HopA1i,0,0,0,0,0
HopA1j,0,0,0,0,0
HopA1k,0,0,0,0,0
HopA1l,0,0,0,0,0
HopA1m,0,0,0,0,0
HopA1n,0,0,0,0,0
HopA1o,0,0,0,0,0
HopA1p,0,0,0,0,0
HopA1q,0,0,0,0,0
HopA1r,0,0,0,0,0
HopA1s,0,0,0,0,0
HopA1t,0,0,0,0,0
HopA1u,0,0,0,0,0
HopA1v,0,0,0,0,0
HopA1w,0,0,0,0,0
HopB1b,0,0,0,0,0
HopB1c,0,0,0,0,0
HopB1d,0,0,0,0,0
HopB1e,0,0,0,0,0
HopB1f,0,0,0,0,0
HopB2aa,0,0,0,0,0
HopB2ab,0,0,0,0,0
HopB2ac,0,0,0,0,0
HopB2ad,0,0,0,0,0
HopB2af,0,0,0,0,0
HopB2ai,0,0,0,0,0
HopB2aj,0,0,0,0,0
HopB2al,0,0,0,0,0
HopB2am,0,0,0,0,0
HopB2ao,0,0,0,0,0
HopB2ap,0,0,0,0,0
HopB2aq,0,0,0,0,0
HopB2ar,0,0,0,0,0
HopB2as,0,0,0,0,0
HopB2at,0,0,0,0,0
HopB2aw,0,0,0,0,0
HopB2ax,0,0,0,0,0
HopB2ay,0,0,0,0,0
HopB2az,0,0,0,0,0
HopB2bb,0,0,0,0,0
HopB2bc,0,0,0,0,0
HopB2bd,0,0,0,0,0
HopB2be,0,0,0,0,0
HopB2d,0,0,0,0,0
HopB2h,0,0,0,0,0
HopB2i,0,0,0,0,0
HopB2l,0,0,0,0,0
HopB2n,0,0,0,0,0
HopB2o,0,0,0,0,0
HopB2p,0,0,0,0,0
HopB2q,0,0,0,0,0
HopB2r,0,0,0,0,0
HopB2s,0,0,0,0,0
HopB2t,0,0,0,0,0
HopB2u,0,0,0,0,0
HopB2v,0,0,0,0,0
HopB2w,0,0,0,0,0
HopB2x,0,0,0,0,0
HopB2z,0,0,0,0,0
HopB3a,0,0,0,0,0
HopB3b,0,0,0,0,0
HopB4a,0,0,0,0,0
HopB4b,0,0,0,0,0
HopC1b,0,0,0,0,0
HopC1c,0,0,0,0,0
HopC1d,0,0,0,0,0
HopC1e,0,0,0,0,0
HopC1f,0,0,0,0,0
HopC1g,0,0,0,0,0
HopD1c,0,0,0,0,0
HopD1f,0,0,0,0,0
HopD1g,0,0,0,0,0
HopD1h,0,0,0,0,0
HopD1i,0,0,0,0,0
HopD1j,0,0,0,0,0
HopD1k,0,0,0,0,0
HopD1l,0,0,0,0,0
HopD1m,0,0,0,0,0
HopD1n,0,0,0,0,0
HopD1o,0,0,0,0,0
HopD1p,0,0,0,0,0
HopD1q,0,0,0,0,0
HopD1r,0,0,0,0,0
HopD1s,0,0,0,0,0
HopD2a,0,0,0,0,0
HopD2c,0,0,0,0,0
HopD2d,0,0,0,0,0
HopD2e,0,0,0,0,0
HopD2f,0,0,0,0,0
HopD2g,0,0,0,0,0
HopD2h,0,0,0,0,0
HopD2i,0,0,0,0,0
HopE1b,0,0,0,0,0
HopE1c,0,0,0,0,0
HopE1d,0,0,0,0,0
HopF1a,0,0,0,0,0
HopF1aa,0,0,0,0,0
HopF1ab,0,0,0,0,0
HopF1ac,0,0,0,0,0
HopF1b,0,0,0,0,0
HopF1c,0,0,0,0,0
HopF1d,0,0,0,0,0
HopF1e,0,0,0,0,0
HopF1f,0,0,0,0,0
HopF1h,0,0,0,0,0
HopF1i,0,0,0,0,0
HopF1j,0,0,0,0,0
HopF1k,0,0,0,0,0
HopF1l,0,0,0,0,0
HopF1m,0,0,0,0,0
HopF1n,0,0,0,0,0
HopF1o,0,0,0,0,0
HopF1p,0,0,0,0,0
HopF1q,0,0,0,0,0
HopF1r,0,0,0,0,0
HopF1s,0,0,0,0,0
HopF1t,0,0,0,0,0
HopF1v,0,0,0,0,0
HopF1w,0,0,0,0,0
HopF1x,0,0,0,0,0
HopF1z,0,0,0,0,0
HopF3b,0,0,0,0,0
HopF3c,0,0,0,0,0
HopF3d,0,0,0,0,0
HopF5a,0,0,0,0,0
HopG1b,0,0,0,0,0
HopG1d,0,0,0,0,0
HopG1e,0,0,0,0,0
HopG1f,0,0,0,0,0
HopG1g,0,0,0,0,0
HopG1h,0,0,0,0,0
HopG1i,0,0,0,0,0
HopG1j,0,0,0,0,0
HopG1k,0,0,0,0,0
HopH1b,0,0,0,0,0
HopH1c,0,0,0,0,0
HopH1d,0,0,0,0,0
HopH1e,0,0,0,0,0
HopH1f,0,0,0,0,0
HopH2a,0,0,0,0,0
HopH2b,0,0,0,0,0
HopI1aa,0,0,0,0,0
HopI1b,0,0,0,0,0
HopI1c,0,0,0,0,0
HopI1d,0,0,0,0,0
HopI1f,0,0,0,0,0
HopI1h,0,0,0,0,0
HopI1j,0,0,0,0,0
HopI1k,0,0,0,0,0
HopI1l,0,0,0,0,0
HopI1m,0,0,0,0,0
HopI1n,0,0,0,0,0
HopI1o,0,0,0,0,0
HopI1p,0,0,0,0,0
HopI1q,0,0,0,0,0
HopI1r,0,0,0,0,0
HopI1s,0,0,0,0,0
HopI1t,0,0,0,0,0
HopI1u,0,0,0,0,0
HopI1v,0,0,0,0,0
HopI1x,0,0,0,0,0
HopI1y,0,0,0,0,0
HopI1z,0,0,0,0,0
HopI2a,0,0,0,0,0
HopK1b,0,0,0,0,0
HopK1c,0,0,0,0,0
HopK1e,0,0,0,0,0
HopK1g,0,0,0,0,0
HopL1b,0,0,0,0,0
HopL1c,0,0,0,0,0
HopL1g,0,0,0,0,0
HopM1aa,0,0,0,0,0
HopM1ab,0,0,0,0,0
HopM1ac,0,0,0,0,0
HopM1ad,0,0,0,0,0
HopM1ae,0,0,0,0,0
HopM1af,0,0,0,0,0
HopM1ag,0,0,0,0,0
HopM1ah,0,0,0,0,0
HopM1aj,0,0,0,0,0
HopM1ak,0,0,0,0,0
HopM1al,0,0,0,0,0
HopM1an,0,0,0,0,0
HopM1ap,0,0,0,0,0
HopM1as,0,0,0,0,0
HopM1av,0,0,0,0,0
HopM1aw,0,0,0,0,0
HopM1ax,0,0,0,0,0
HopM1ay,0,0,0,0,0
HopM1az,0,0,0,0,0
HopM1b,0,0,0,0,0
HopM1ba,0,0,0,0,0
HopM1d,0,0,0,0,0
HopM1f,0,0,0,0,0
HopM1g,0,0,0,0,0
HopM1i,0,0,0,0,0
HopM1l,0,0,0,0,0
HopM1n,0,0,0,0,0
HopM1r,0,0,0,0,0
HopM1s,0,0,0,0,0
HopM1t,0,0,0,0,0
HopM1w,0,0,0,0,0
HopM1x,0,0,0,0,0
HopM1y,0,0,0,0,0
HopN1b,0,0,0,0,0
HopO1e,0,0,0,0,0
HopO1h,0,0,0,0,0
HopO2a,0,0,0,0,0
HopO2b,0,0,0,0,0
HopO2c,0,0,0,0,0
HopO2d,0,0,0,0,0
HopO2e,0,0,0,0,0
HopQ1b,0,0,0,0,0
HopQ1c,0,0,0,0,0
HopQ1d,0,0,0,0,0
HopQ1e,0,0,0,0,0
HopQ1f,0,0,0,0,0
HopQ1g,0,0,0,0,0
HopQ1h,0,0,0,0,0
HopQ1i,0,0,0,0,0
HopQ1j,0,0,0,0,0
HopR1c,0,0,0,0,0
HopR1e,0,0,0,0,0
HopR1f,0,0,0,0,0
HopR1h,0,0,0,0,0
HopR1i,0,0,0,0,0
HopR1j,0,0,0,0,0
HopR1k,0,0,0,0,0
HopR1l,0,0,0,0,0
HopR1m,0,0,0,0,0
HopR1n,0,0,0,0,0
HopR1o,0,0,0,0,0
HopR1p,0,0,0,0,0
HopR1q,0,0,0,0,0
HopR1r,0,0,0,0,0
HopS2b,0,0,0,0,0
HopS2c,0,0,0,0,0
HopS2d,0,0,0,0,0
HopS2e,0,0,0,0,0
HopS2f,0,0,0,0,0
HopS2g,0,0,0,0,0
HopS2h,0,0,0,0,0
HopT1d,0,0,0,0,0
HopT1f,0,0,0,0,0
HopT1g,0,0,0,0,0
HopT1h,0,0,0,0,0
HopT1i,0,0,0,0,0
HopT1j,0,0,0,0,0
HopT1k,0,0,0,0,0
HopT1l,0,0,0,0,0
HopV1a,0,0,0,0,0
HopV1f,0,0,0,0,0
HopV1g,0,0,0,0,0
HopV1i,0,0,0,0,0
HopV1j,0,0,0,0,0
HopV1k,0,0,0,0,0
HopV1m,0,0,0,0,0
HopV1n,0,0,0,0,0
HopV1o,0,0,0,0,0
HopV1p,0,0,0,0,0
HopW1aa,0,0,0,0,0
HopW1ab,0,0,0,0,0
HopW1ac,0,0,0,0,0
HopW1ad,0,0,0,0,0
HopW1ae,0,0,0,0,0
HopW1af,0,0,0,0,0
HopW1ag,0,0,0,0,0
HopW1ah,0,0,0,0,0
HopW1ai,0,0,0,0,0
HopW1f,0,0,0,0,0
HopW1h,0,0,0,0,0
HopW1j,0,0,0,0,0
HopW1k,0,0,0,0,0
HopW1m,0,0,0,0,0
HopW1n,0,0,0,0,0
HopW1o,0,0,0,0,0
HopW1p,0,0,0,0,0
HopW1q,0,0,0,0,0
HopW1r,0,0,0,0,0
HopW1s,0,0,0,0,0
HopW1t,0,0,0,0,0
HopW1u,0,0,0,0,0
HopW1v,0,0,0,0,0
HopW1w,0,0,0,0,0
HopW1x,0,0,0,0,0
HopW1y,0,0,0,0,0
HopW1z,0,0,0,0,0
HopX1b,0,0,0,0,0
HopX1d,0,0,0,0,0
HopX1e,0,0,0,0,0
HopX1f,0,0,0,0,0
HopX1h,0,0,0,0,0
HopX1i,0,0,0,0,0
HopX1j,0,0,0,0,0
HopX1k,0,0,0,0,0
HopX1l,0,0,0,0,0
HopX1m,0,0,0,0,0
HopX1n,0,0,0,0,0
HopY1a,0,0,0,0,0
HopY1d,0,0,0,0,0
HopY1e,0,0,0,0,0
HopY1f,0,0,0,0,0
HopY1g,0,0,0,0,0
HopY1h,0,0,0,0,0
HopZ1a,0,0,0,0,0
HopZ1d,0,0,0,0,0
HopZ1e,0,0,0,0,0
HopZ1f,0,0,0,0,0
HopZ1g,0,0,0,0,0
HopZ1h,0,0,0,0,0
HopZ1i,0,0,0,0,0
HopZ1j,0,0,0,0,0
HopZ1k,0,0,0,0,0
HopZ1l,0,0,0,0,0
HopZ1m,0,0,0,0,0
HopZ1n,0,0,0,0,0
HopZ1o,0,0,0,0,0
HopZ1p,0,0,0,0,0
HopZ1q,0,0,0,0,0
HopZ1r,0,0,0,0,0
HopZ2a,0,0,0,0,0
HopZ2b,0,0,0,0,0
HopZ2c,0,0,0,0,0
HopZ4a,0,0,0,0,0
HopZ5a,0,0,0,0,0
HopZ5b,0,0,0,0,0
HopZ5c,0,0,0,0,0
HopZ6a,0,0,0,0,0
HopAA1aa,0,0,0,0,0
HopAA1ab,0,0,0,0,0
HopAA1ac,0,0,0,0,0
HopAA1ad,0,0,0,0,0
HopAA1ae,0,0,0,0,0
HopAA1af,0,0,0,0,0
HopAA1ag,0,0,0,0,0
HopAA1ah,0,0,0,0,0
HopAA1ai,0,0,0,0,0
HopAA1c,0,0,0,0,0
HopAA1d,0,0,0,0,0
HopAA1f,0,0,0,0,0
HopAA1g,0,0,0,0,0
HopAA1h,0,0,0,0,0
HopAA1i,0,0,0,0,0
HopAA1j,0,0,0,0,0
HopAA1l,0,0,0,0,0
HopAA1m,0,0,0,0,0
HopAA1n,0,0,0,0,0
HopAA1o,0,0,0,0,0
HopAA1p,0,0,0,0,0
HopAA1q,0,0,0,0,0
HopAA1r,0,0,0,0,0
HopAA1s,0,0,0,0,0
HopAA1t,0,0,0,0,0
HopAA1u,0,0,0,0,0
HopAA1v,0,0,0,0,0
HopAA1w,0,0,0,0,0
HopAA1x,0,0,0,0,0
HopAA1y,0,0,0,0,0
HopAA1z,0,0,0,0,0
HopAB1aa,0,0,0,0,0
HopAB1ab,0,0,0,0,0
HopAB1ac,0,0,0,0,0
HopAB1ad,0,0,0,0,0
HopAB1ae,0,0,0,0,0
HopAB1af,0,0,0,0,0
HopAB1ag,0,0,0,0,0
HopAB1ah,0,0,0,0,0
HopAB1ai,0,0,0,0,0
HopAB1aj,0,0,0,0,0
HopAB1ak,0,0,0,0,0
HopAB1al,0,0,0,0,0
HopAB1am,0,0,0,0,0
HopAB1an,0,0,0,0,0
HopAB1ao,0,0,0,0,0
HopAB1ap,0,0,0,0,0
HopAB1aq,0,0,0,0,0
HopAB1ar,0,0,0,0,0
HopAB1as,0,0,0,0,0
HopAB1at,0,0,0,0,0
HopAB1au,0,0,0,0,0
HopAB1av,0,0,0,0,0
HopAB1d,0,0,0,0,0
HopAB1e,0,0,0,0,0
HopAB1f,0,0,0,0,0
HopAB1g,0,0,0,0,0
HopAB1h,0,0,0,0,0
HopAB1i,0,0,0,0,0
HopAB1k,0,0,0,0,0
HopAB1l,0,0,0,0,0
HopAB1m,0,0,0,0,0
HopAB1n,0,0,0,0,0
HopAB1o,0,0,0,0,0
HopAB1q,0,0,0,0,0
HopAB1r,0,0,0,0,0
HopAB1s,0,0,0,0,0
HopAB1t,0,0,0,0,0
HopAB1u,0,0,0,0,0
HopAB1v,0,0,0,0,0
HopAB1x,0,0,0,0,0
HopAB1y,0,0,0,0,0
HopAB1z,0,0,0,0,0
HopAD1b,0,0,0,0,0
HopAD1c,0,0,0,0,0
HopAD1d,0,0,0,0,0
HopAF1b,0,0,0,0,0
HopAF1d,0,0,0,0,0
HopAF1f,0,0,0,0,0
HopAF1g,0,0,0,0,0
HopAF1i,0,0,0,0,0
HopAF1j,0,0,0,0,0
HopAF1k,0,0,0,0,0
HopAF1l,0,0,0,0,0
HopAF1m,0,0,0,0,0
HopAF1n,0,0,0,0,0
HopAF1o,0,0,0,0,0
HopAF1p,0,0,0,0,0
HopAF1q,0,0,0,0,0
HopAF1r,0,0,0,0,0
HopAF1s,0,0,0,0,0
HopAF1t,0,0,0,0,0
HopAG1b,0,0,0,0,0
HopAG1c,0,0,0,0,0
HopAG1e,0,0,0,0,0
HopAG1f,0,0,0,0,0
HopAG1h,0,0,0,0,0
HopAG1i,0,0,0,0,0
HopAG1j,0,0,0,0,0
HopAG1k,0,0,0,0,0
HopAG1l,0,0,0,0,0
HopAG1m,0,0,0,0,0
HopAG1n,0,0,0,0,0
HopAG1o,0,0,0,0,0
HopAG1p,0,0,0,0,0
HopAG1q,0,0,0,0,0
HopAG1r,0,0,0,0,0
HopAG1s,0,0,0,0,0
HopAH1aa,0,0,0,0,0
HopAH1ab,0,0,0,0,0
HopAH1ac,0,0,0,0,0
HopAH1ae,0,0,0,0,0
HopAH1af,0,0,0,0,0
HopAH1ag,0,0,0,0,0
HopAH1ah,0,0,0,0,0
HopAH1ai,0,0,0,0,0
HopAH1aj,0,0,0,0,0
HopAH1ak,0,0,0,0,0
HopAH1al,0,0,0,0,0
HopAH1am,0,0,0,0,0
HopAH1an,0,0,0,0,0
HopAH1ap,0,0,0,0,0
HopAH1aq,0,0,0,0,0
HopAH1ar,0,0,0,0,0
HopAH1as,0,0,0,0,0
HopAH1at,0,0,0,0,0
HopAH1b,0,0,0,0,0
HopAH1e,0,0,0,0,0
HopAH1f,0,0,0,0,0
HopAH1h,0,0,0,0,0
HopAH1j,0,0,0,0,0
HopAH1k,0,0,0,0,0
HopAH1l,0,0,0,0,0
HopAH1n,0,0,0,0,0
HopAH1p,0,0,0,0,0
HopAH1q,0,0,0,0,0
HopAH1t,0,0,0,0,0
HopAH1u,0,0,0,0,0
HopAH1v,0,0,0,0,0
HopAH1w,0,0,0,0,0
HopAH1x,0,0,0,0,0
HopAH1y,0,0,0,0,0
HopAH1z,0,0,0,0,0
HopAI1a,0,0,0,0,0
HopAI1b,0,0,0,0,0
HopAI1c,0,0,0,0,0
HopAI1e,0,0,0,0,0
HopAI1f,0,0,0,0,0
HopAI1g,0,0,0,0,0
HopAI1h,0,0,0,0,0
HopAI1i,0,0,0,0,0
HopAI1j,0,0,0,0,0
HopAI1k,0,0,0,0,0
HopAI1l,0,0,0,0,0
HopAI1m,0,0,0,0,0
HopAI1n,0,0,0,0,0
HopAI1o,0,0,0,0,0
HopAI1p,0,0,0,0,0
HopAM1b,0,0,0,0,0
HopAM1c,0,0,0,0,0
HopAM1d,0,0,0,0,0
HopAQ1b,0,0,0,0,0
HopAR1a,0,0,0,0,0
HopAR1b,0,0,0,0,0
HopAR1c,0,0,0,0,0
HopAR1d,0,0,0,0,0
HopAR1e,0,0,0,0,0
HopAR1f,0,0,0,0,0
HopAR1g,0,0,0,0,0
HopAR1h,0,0,0,0,0
HopAR1i,0,0,0,0,0
HopAR1j,0,0,0,0,0
HopAS1d,0,0,0,0,0
HopAS1f,0,0,0,0,0
HopAS1g,0,0,0,0,0
HopAS1h,0,0,0,0,0
HopAS1i,0,0,0,0,0
HopAS1j,0,0,0,0,0
HopAS1k,0,0,0,0,0
HopAT1aa,0,0,0,0,0
HopAT1ab,0,0,0,0,0
HopAT1ac,0,0,0,0,0
HopAT1ad,0,0,0,0,0
HopAT1ae,0,0,0,0,0
HopAT1d,0,0,0,0,0
HopAT1e,0,0,0,0,0
HopAT1g,0,0,0,0,0
HopAT1h,0,0,0,0,0
HopAT1i,0,0,0,0,0
HopAT1j,0,0,0,0,0
HopAT1k,0,0,0,0,0
HopAT1l,0,0,0,0,0
HopAT1m,0,0,0,0,0
HopAT1n,0,0,0,0,0
HopAT1o,0,0,0,0,0
HopAT1p,0,0,0,0,0
HopAT1q,0,0,0,0,0
HopAT1r,0,0,0,0,0
HopAT1s,0,0,0,0,0
HopAT1u,0,0,0,0,0
HopAT1v,0,0,0,0,0
HopAT1w,0,0,0,0,0
HopAT1x,0,0,0,0,0
HopAT1y,0,0,0,0,0
HopAT1z,0,0,0,0,0
HopAT2a,0,0,0,0,0
HopAT3a,0,0,0,0,0
HopAT4a,0,0,0,0,0
HopAT5a,0,0,0,0,0
HopAT6a,0,0,0,0,0
HopAU1b,0,0,0,0,0
HopAU1c,0,0,0,0,0
HopAW1b,0,0,0,0,0
HopAW1c,0,0,0,0,0
HopAW1d,0,0,0,0,0
HopAX1a,0,0,0,0,0
HopAX1b,0,0,0,0,0
HopAX1c,0,0,0,0,0
HopAX1d,0,0,0,0,0
HopAX1e,0,0,0,0,0
HopAX1f,0,0,0,0,0
HopAX1g,0,0,0,0,0
HopAX1h,0,0,0,0,0
HopAZ1a,0,0,0,0,0
HopAZ1b,0,0,0,0,0
HopAZ1c,0,0,0,0,0
HopAZ1e,0,0,0,0,0
HopAZ1f,0,0,0,0,0
HopAZ1g,0,0,0,0,0
HopAZ1h,0,0,0,0,0
HopAZ1i,0,0,0,0,0
HopAZ1j,0,0,0,0,0
HopAZ1k,0,0,0,0,0
HopAZ1l,0,0,0,0,0
HopAZ1m,0,0,0,0,0
HopAZ1n,0,0,0,0,0
HopAZ1o,0,0,0,0,0
HopAZ1p,0,0,0,0,0
HopAZ1q,0,0,0,0,0
HopAZ1r,0,0,0,0,0
HopAZ1t,0,0,0,0,0
HopAZ1v,0,0,0,0,0
HopAZ1w,0,0,0,0,0
HopBA1a,0,0,0,0,0
HopBA1b,0,0,0,0,0
HopBA1c,0,0,0,0,0
HopBA1d,0,0,0,0,0
HopBC1a,0,0,0,0,0
HopBC1b,0,0,0,0,0
HopBD1b,0,0,0,0,0
HopBD1c,0,0,0,0,0
HopBD1d,0,0,0,0,0
HopBD1e,0,0,0,0,0
HopBD1f,0,0,0,0,0
HopBD1h,0,0,0,0,0
HopBD1i,0,0,0,0,0
HopBD1k,0,0,0,0,0
HopBD1l,0,0,0,0,0
HopBD1m,0,0,0,0,0
HopBD1o,0,0,0,0,0
HopBD1p,0,0,0,0,0
HopBE1a,0,0,0,0,0
HopBF1a,0,0,0,0,0
HopBF1b,0,0,0,0,0
HopBF1c,0,0,0,0,0
HopBF1d,0,0,0,0,0
HopBF1e,0,0,0,0,0
HopBH1a,0,0,0,0,0
HopBH1b,0,0,0,0,0
HopBH1c,0,0,0,0,0
HopBH1d,0,0,0,0,0
HopBH1e,0,0,0,0,0
HopBI1a,0,0,0,0,0
HopBI1b,0,0,0,0,0
HopBI1c,0,0,0,0,0
HopBJ1a,0,0,0,0,0
HopBJ1b,0,0,0,0,0
HopBJ1c,0,0,0,0,0
HopBJ1d,0,0,0,0,0
HopBK1a,0,0,0,0,0
HopBK1b,0,0,0,0,0
HopBK1c,0,0,0,0,0
HopBK1d,0,0,0,0,0
HopBK1e,0,0,0,0,0
HopBK1f,0,0,0,0,0
HopBK1g,0,0,0,0,0
HopBK1h,0,0,0,0,0
HopBK1i,0,0,0,0,0
HopBK1j,0,0,0,0,0
HopBK1k,0,0,0,0,0
HopBK1l,0,0,0,0,0
HopBK1m,0,0,0,0,0
HopBL1a,0,0,0,0,0
HopBL1b,0,0,0,0,0
HopBL1c,0,0,0,0,0
HopBL1d,0,0,0,0,0
HopBN1a,0,0,0,0,0
HopBN1b,0,0,0,0,0
HopBN1c,0,0,0,0,0
HopBN1d,0,0,0,0,0
HopBN1e,0,0,0,0,0
HopBN1f,0,0,0,0,0
HopBN1g,0,0,0,0,0
HopBN1h,0,0,0,0,0
HopBN1i,0,0,0,0,0
HopBO1a,0,0,0,0,0
HopBO1b,0,0,0,0,0
HopBO1c,0,0,0,0,0
HopBO1e,0,0,0,0,0
HopBP1a,0,0,0,0,0
HopBP1b,0,0,0,0,0
HopBP1c,0,0,0,0,0
HopBP1d,0,0,0,0,0
HopBP1e,0,0,0,0,0
HopBP1f,0,0,0,0,0
HopBP1g,0,0,0,0,0
HopBP1h,0,0,0,0,0
HopBQ1a,0,0,0,0,0
HopBR1a,0,0,0,0,0
HopBS1a,0,0,0,0,0
HopBT1a,0,0,0,0,0
HopBU1a,0,0,0,0,0
HopBW1a,0,0,0,0,0